category;date;downloads
with_mirrors;2020-08-30;116
without_mirrors;2020-08-30;21
with_mirrors;2020-08-31;91
without_mirrors;2020-08-31;17
without_mirrors;2020-09-01;4
with_mirrors;2020-09-01;32
without_mirrors;2020-09-02;7
with_mirrors;2020-09-02;18
without_mirrors;2020-09-03;2
with_mirrors;2020-09-03;6
without_mirrors;2020-09-04;20
with_mirrors;2020-09-04;102
with_mirrors;2020-09-05;392
without_mirrors;2020-09-05;59
without_mirrors;2020-09-06;13
with_mirrors;2020-09-06;148
without_mirrors;2020-09-07;22
with_mirrors;2020-09-07;82
with_mirrors;2020-09-08;25
without_mirrors;2020-09-08;2
with_mirrors;2020-09-09;13
without_mirrors;2020-09-09;3
with_mirrors;2020-09-10;8
without_mirrors;2020-09-10;1
without_mirrors;2020-09-11;12
with_mirrors;2020-09-11;48
